{
  "name": "Snub Cube",
  "vertices": [
    [
      -1.0,
      -0.5436890127,
      -0.2955977425
    ],
    [
      -0.5436890127,
      -0.2955977425,
      -1.0
    ],
    [
      -0.2955977425,
      -1.0,
      -0.5436890127
    ],
    [
      -0.5436890127,
      -1.0,
      0.2955977425
    ],
    [
      -1.0,
      0.2955977425,
      -0.5436890127
    ],
    [
      0.2955977425,
      -0.5436890127,
      -1.0
    ],
    [
      0.5436890127,
      -1.0,
      -0.2955977425
    ],
    [
      -1.0,
      -0.2955977425,
      0.5436890127
    ],
    [
      -0.2955977425,
      0.5436890127,
      -1.0
    ],
    [
      -1.0,
      0.5436890127,
      0.2955977425
    ],
    [
      0.5436890127,
      0.2955977425,
      -1.0
    ],
    [
      0.2955977425,
      -1.0,
      0.5436890127
    ],
    [
      -0.5436890127,
      1.0,
      -0.2955977425
    ],
    [
      1.0,
      -0.2955977425,
      -0.5436890127
    ],
    [
      -0.2955977425,
      -0.5436890127,
      1.0
    ],
    [
      1.0,
      -0.5436890127,
      0.2955977425
    ],
    [
      -0.5436890127,
      0.2955977425,
      1.0
    ],
    [
      0.2955977425,
      1.0,
      -0.5436890127
    ],
    [
      1.0,
      0.5436890127,
      -0.2955977425
    ],
    [
      0.5436890127,
      -0.2955977425,
      1.0
    ],
    [
      -0.2955977425,
      1.0,
      0.5436890127
    ],
    [
      0.5436890127,
      1.0,
      0.2955977425
    ],
    [
      1.0,
      0.2955977425,
      0.5436890127
    ],
    [
      0.2955977425,
      0.5436890127,
      1.0
    ]
  ],
  "faces": [
    [
      23,
      21,
      22
    ],
    [
      23,
      19,
      22
    ],
    [
      23,
      20,
      21
    ],
    [
      23,
      16,
      20
    ],
    [
      23,
      16,
      14,
      19
    ],
    [
      22,
      18,
      21
    ],
    [
      22,
      15,
      19
    ],
    [
      22,
      15,
      13,
      18
    ],
    [
      21,
      17,
      12,
      20
    ],
    [
      21,
      17,
      18
    ],
    [
      20,
      9,
      16
    ],
    [
      20,
      9,
      12
    ],
    [
      19,
      11,
      15
    ],
    [
      19,
      11,
      14
    ],
    [
      18,
      10,
      17
    ],
    [
      18,
      10,
      13
    ],
    [
      17,
      8,
      12
    ],
    [
      17,
      8,
      10
    ],
    [
      16,
      7,
      14
    ],
    [
      16,
      7,
      9
    ],
    [
      15,
      6,
      13
    ],
    [
      15,
      6,
      11
    ],
    [
      14,
      3,
      11
    ],
    [
      14,
      3,
      7
    ],
    [
      13,
      5,
      10
    ],
    [
      13,
      5,
      6
    ],
    [
      12,
      4,
      9
    ],
    [
      12,
      4,
      8
    ],
    [
      11,
      3,
      2,
      6
    ],
    [
      10,
      5,
      1,
      8
    ],
    [
      9,
      4,
      0,
      7
    ],
    [
      8,
      1,
      4
    ],
    [
      7,
      0,
      3
    ],
    [
      6,
      2,
      5
    ],
    [
      5,
      1,
      2
    ],
    [
      4,
      0,
      1
    ],
    [
      3,
      0,
      2
    ],
    [
      2,
      0,
      1
    ]
  ],
  "_comment_coord_type": "float (forced)"
}